{
    "novo_gol": 4.462203562603064,
    "legado_gol": 4.403422883271719,
    "novo_def": 3.676709341000767,
    "legado_def": 3.7008248996526603,
    "novo_mei": 3.4251175986522564,
    "legado_mei": 3.418058711202373,
    "novo_ata": 4.192723858035761,
    "legado_ata": 4.197863688219416,
    "novo_tec": 2.3430636693521425,
    "legado_tec": 2.4570910290435553
}