{
    "novo_gol": 4.332549608874792,
    "legado_gol": 4.344202411599382,
    "novo_def": 3.6674877602928313,
    "legado_def": 3.7007673177286184,
    "novo_mei": 3.384701480212756,
    "legado_mei": 3.4165546411764653,
    "novo_ata": 4.228785253376858,
    "legado_ata": 4.283036072149942,
    "novo_tec": 2.3248167416542342,
    "legado_tec": 2.534990836242167
}